"ID","Pred"
"2019_1125_1181",0.167623913065836
"2019_1133_1181",0.13736896220005
"2019_1138_1181",0.322348856372573
"2019_1124_1181",0.200137705241699
"2019_1113_1181",0.161049094761551
"2019_1120_1181",0.334269008371224
"2019_1101_1181",0.137890885862385
"2019_1153_1181",0.269934306903693
"2019_1159_1181",0.139768412777281
"2019_1181_1277",0.617069165785827
"2019_1261_1277",0.478365554626315
"2019_1268_1277",0.339654768101013
"2019_1257_1277",0.314106537950398
"2019_1125_1277",0.18730547763407
"2019_1251_1277",0.153627644312266
"2019_1133_1277",0.138436211739902
"2019_1211_1277",0.605154708839914
"2019_1276_1277",0.547986938932062
"2019_1199_1277",0.448210903269292
"2019_1266_1277",0.306351009139388
"2019_1138_1277",0.377379936383876
"2019_1124_1277",0.217720650448636
"2019_1196_1277",0.251979454957866
"2019_1113_1277",0.169424815037055
"2019_1192_1277",0.14291705179509
"2019_1246_1277",0.540833467481015
"2019_1222_1277",0.490768339203608
"2019_1242_1277",0.4507974138228
"2019_1120_1277",0.367436622824575
"2019_1235_1277",0.304190585687101
"2019_1209_1277",0.149681284265314
"2019_1101_1277",0.14319717333508
"2019_1233_1277",0.144150194831675
"2019_1243_1277",0.36039903511473
"2019_1153_1277",0.306232727303558
"2019_1234_1277",0.263787619907276
"2019_1159_1277",0.143447902313575
"2019_1205_1277",0.139592251902382
"2019_1181_1261",0.645779505568726
"2019_1257_1261",0.388892939357401
"2019_1125_1261",0.234058917863452
"2019_1251_1261",0.162299669084405
"2019_1133_1261",0.13905723280543
"2019_1211_1261",0.636425530681406
"2019_1199_1261",0.557888720157719
"2019_1138_1261",0.411137424665541
"2019_1124_1261",0.269215080670974
"2019_1196_1261",0.280434675455783
"2019_1113_1261",0.197158354787724
"2019_1192_1261",0.141193998916331
"2019_1246_1261",0.601387870531546
"2019_1222_1261",0.579730720700361
"2019_1242_1261",0.559515005620711
"2019_1120_1261",0.47051515467614
"2019_1235_1261",0.363307712035431
"2019_1209_1261",0.146012599630702
"2019_1101_1261",0.139292425820601
"2019_1233_1261",0.141910640546805
"2019_1243_1261",0.476438689494142
"2019_1153_1261",0.324059612355656
"2019_1234_1261",0.293447050501942
"2019_1159_1261",0.143880714868303
"2019_1205_1261",0.142108398938393
"2019_1181_1439",0.652741051549349
"2019_1277_1439",0.633216789466847
"2019_1261_1439",0.540764794107251
"2019_1280_1439",0.453173400782519
"2019_1268_1439",0.454762930846082
"2019_1257_1439",0.430300629960047
"2019_1433_1439",0.330141594379985
"2019_1416_1439",0.33011505343231
"2019_1278_1439",0.248496884218932
"2019_1125_1439",0.200072537215919
"2019_1396_1439",0.204721840255372
"2019_1251_1439",0.161269186376159
"2019_1387_1439",0.155429298376749
"2019_1133_1439",0.138517908527891
"2019_1295_1439",0.139393664388994
"2019_1300_1439",0.139084996344537
"2019_1211_1439",0.6549227830594
"2019_1276_1439",0.605640102644929
"2019_1403_1439",0.597629670833407
"2019_1199_1439",0.552271003680219
"2019_1266_1439",0.411802626097274
"2019_1138_1439",0.436456661710447
"2019_1305_1439",0.447309020016164
"2019_1393_1439",0.275591791196282
"2019_1124_1439",0.254773854112222
"2019_1196_1439",0.281137595667565
"2019_1113_1439",0.198183009551396
"2019_1385_1439",0.177978054941017
"2019_1293_1439",0.239173237741532
"2019_1436_1439",0.149116805111438
"2019_1297_1439",0.147803439908264
"2019_1285_1439",0.146036272522401
"2019_1192_1439",0.142700531415739
"2019_1341_1439",0.145173673243884
"2019_1314_1439",0.637647744864715
"2019_1246_1439",0.601232778631159
"2019_1222_1439",0.593869116560066
"2019_1242_1439",0.564480280823269
"2019_1120_1439",0.539464765038808
"2019_1235_1439",0.34021418476586
"2019_1429_1439",0.233203413449074
"2019_1371_1439",0.203505033888358
"2019_1326_1439",0.230038799854882
"2019_1308_1439",0.19423474507194
"2019_1318_1439",0.151722678423935
"2019_1209_1439",0.149539967637766
"2019_1101_1439",0.140278926797978
"2019_1233_1439",0.141371258661654
"2019_1438_1439",0.614438076031992
"2019_1397_1439",0.632584549176775
"2019_1345_1439",0.578159436160923
"2019_1243_1439",0.485244251648414
"2019_1437_1439",0.411821352933118
"2019_1153_1439",0.353581343664546
"2019_1279_1439",0.281120807651531
"2019_1328_1439",0.314340977430822
"2019_1234_1439",0.290864424925746
"2019_1388_1439",0.219486304127494
"2019_1332_1439",0.198651874925085
"2019_1414_1439",0.163724013755529
"2019_1330_1439",0.149844143793395
"2019_1159_1439",0.146290278700742
"2019_1205_1439",0.140995683140594
"2019_1181_1280",0.660675370482575
"2019_1277_1280",0.622521590033833
"2019_1261_1280",0.609391941078475
"2019_1268_1280",0.572592947504845
"2019_1257_1280",0.54868114058684
"2019_1278_1280",0.297367932435878
"2019_1125_1280",0.285513871011575
"2019_1251_1280",0.17269105641066
"2019_1133_1280",0.139241952657459
"2019_1211_1280",0.650003207884981
"2019_1276_1280",0.617120493249319
"2019_1199_1280",0.604343069963647
"2019_1266_1280",0.50689293475497
"2019_1138_1280",0.591206077137667
"2019_1124_1280",0.304881653756991
"2019_1196_1280",0.344939981016897
"2019_1113_1280",0.253166267312727
"2019_1192_1280",0.139714168658632
"2019_1246_1280",0.617066970972484
"2019_1222_1280",0.620673410360455
"2019_1242_1280",0.600719152886669
"2019_1120_1280",0.604956997062906
"2019_1235_1280",0.511394592798892
"2019_1209_1280",0.145067910230834
"2019_1101_1280",0.139659205587186
"2019_1233_1280",0.140529381371129
"2019_1243_1280",0.573039141724379
"2019_1153_1280",0.431011451644066
"2019_1279_1280",0.315732300303485
"2019_1234_1280",0.393821302676173
"2019_1159_1280",0.144775508553755
"2019_1205_1280",0.141079393867516
"2019_1181_1268",0.658198238994893
"2019_1261_1268",0.633514586673046
"2019_1257_1268",0.514007831461856
"2019_1125_1268",0.279957510776291
"2019_1251_1268",0.176344533402237
"2019_1133_1268",0.142936595136454
"2019_1211_1268",0.648696945515025
"2019_1199_1268",0.630340973031683
"2019_1266_1268",0.484661799484753
"2019_1138_1268",0.522799939460809
"2019_1124_1268",0.306030479881301
"2019_1196_1268",0.31977432296174
"2019_1113_1268",0.235846480637125
"2019_1192_1268",0.147390281827821
"2019_1246_1268",0.646251838268222
"2019_1222_1268",0.650748748318332
"2019_1242_1268",0.616913079146764
"2019_1120_1268",0.613063978892208
"2019_1235_1268",0.424945373802006
"2019_1209_1268",0.152316632269375
"2019_1101_1268",0.147502950728185
"2019_1233_1268",0.146953441314841
"2019_1243_1268",0.547132461488191
"2019_1153_1268",0.396178335971892
"2019_1234_1268",0.333530064404081
"2019_1159_1268",0.151064289435665
"2019_1205_1268",0.14637969237583
"2019_1181_1257",0.660395408087637
"2019_1125_1257",0.29523135207319
"2019_1251_1257",0.179435126065027
"2019_1133_1257",0.142908990437084
"2019_1211_1257",0.652765219624265
"2019_1199_1257",0.61550651753868
"2019_1138_1257",0.579632280804626
"2019_1124_1257",0.316459229186868
"2019_1196_1257",0.336556060011075
"2019_1113_1257",0.267672196258786
"2019_1192_1257",0.146621790256604
"2019_1246_1257",0.633998215308583
"2019_1222_1257",0.638715177206895
"2019_1242_1257",0.620248242499501
"2019_1120_1257",0.637409226102742
"2019_1235_1257",0.538466929314881
"2019_1209_1257",0.155118915168514
"2019_1101_1257",0.149577059028284
"2019_1233_1257",0.146158891928453
"2019_1243_1257",0.566863896053712
"2019_1153_1257",0.472528777709722
"2019_1234_1257",0.437095635734637
"2019_1159_1257",0.151962501652279
"2019_1205_1257",0.145419337334639
"2019_1181_1433",0.742129048796673
"2019_1277_1433",0.696120984906067
"2019_1261_1433",0.653699224403767
"2019_1280_1433",0.633757590613985
"2019_1268_1433",0.616640343843682
"2019_1257_1433",0.606820333933932
"2019_1416_1433",0.540803427120129
"2019_1278_1433",0.440607690553262
"2019_1125_1433",0.339636405037472
"2019_1396_1433",0.411103628951189
"2019_1251_1433",0.198351573782886
"2019_1387_1433",0.148535755263046
"2019_1133_1433",0.142895054840222
"2019_1295_1433",0.143922685660677
"2019_1300_1433",0.139948364068268
"2019_1211_1433",0.719827643177664
"2019_1276_1433",0.671843342735081
"2019_1403_1433",0.650255934922334
"2019_1199_1433",0.651335038486648
"2019_1266_1433",0.60950050550268
"2019_1138_1433",0.645730889604581
"2019_1305_1433",0.651703094338398
"2019_1393_1433",0.470339680725379
"2019_1124_1433",0.4638401798451
"2019_1196_1433",0.504987594005246
"2019_1113_1433",0.356347130197359
"2019_1385_1433",0.335850409991959
"2019_1293_1433",0.382915470612582
"2019_1297_1433",0.153168390399098
"2019_1285_1433",0.14909758771264
"2019_1192_1433",0.142810946663403
"2019_1341_1433",0.145132429683972
"2019_1314_1433",0.704892153813518
"2019_1246_1433",0.67002412582582
"2019_1222_1433",0.657588488002175
"2019_1242_1433",0.653061431402324
"2019_1120_1433",0.660352164993869
"2019_1235_1433",0.607234771642952
"2019_1429_1433",0.476933546508785
"2019_1371_1433",0.400558374011951
"2019_1326_1433",0.413174309601519
"2019_1308_1433",0.316293111963451
"2019_1318_1433",0.173768649272199
"2019_1209_1433",0.147728655013158
"2019_1101_1433",0.145276718560366
"2019_1233_1433",0.141790613241766
"2019_1397_1433",0.684756290991623
"2019_1345_1433",0.657748106845854
"2019_1243_1433",0.611296346001277
"2019_1153_1433",0.579189101396959
"2019_1279_1433",0.460300516605556
"2019_1328_1433",0.536852424185056
"2019_1234_1433",0.526062650011807
"2019_1388_1433",0.397816657383848
"2019_1332_1433",0.327013571189433
"2019_1414_1433",0.224203732759905
"2019_1330_1433",0.153522641273493
"2019_1159_1433",0.149793255174359
"2019_1205_1433",0.144014429417746
"2019_1181_1416",0.726848366778313
"2019_1277_1416",0.715590341402969
"2019_1261_1416",0.654242596984755
"2019_1280_1416",0.644242573304518
"2019_1268_1416",0.61616462068212
"2019_1257_1416",0.62475906225727
"2019_1278_1416",0.407252234648192
"2019_1125_1416",0.328378003179689
"2019_1396_1416",0.354415313471461
"2019_1251_1416",0.195745729436813
"2019_1387_1416",0.157016792607424
"2019_1133_1416",0.144552881582355
"2019_1295_1416",0.142078710214211
"2019_1300_1416",0.14014998926968
"2019_1211_1416",0.726869286236037
"2019_1276_1416",0.68077528655838
"2019_1403_1416",0.682460310743226
"2019_1199_1416",0.650841179576471
"2019_1266_1416",0.629091505640347
"2019_1138_1416",0.657593994593738
"2019_1305_1416",0.657669081367744
"2019_1393_1416",0.443283535247163
"2019_1124_1416",0.460273444861331
"2019_1196_1416",0.510446052238823
"2019_1113_1416",0.301612083116987
"2019_1385_1416",0.256553891538402
"2019_1293_1416",0.363508700672642
"2019_1297_1416",0.167182662974638
"2019_1285_1416",0.157163171536501
"2019_1192_1416",0.147505740308609
"2019_1341_1416",0.148040629151651
"2019_1314_1416",0.722031262224344
"2019_1246_1416",0.664759651725872
"2019_1222_1416",0.661661685192944
"2019_1242_1416",0.655343625110918
"2019_1120_1416",0.647666977122296
"2019_1235_1416",0.613813874392933
"2019_1371_1416",0.307448782159515
"2019_1326_1416",0.378482433636364
"2019_1308_1416",0.303539454742096
"2019_1318_1416",0.183076180561799
"2019_1209_1416",0.153759326048726
"2019_1101_1416",0.149284458835403
"2019_1233_1416",0.149005314513412
"2019_1397_1416",0.68749177503657
"2019_1345_1416",0.664307541896859
"2019_1243_1416",0.617211697520071
"2019_1153_1416",0.62760611627427
"2019_1279_1416",0.407241273783894
"2019_1328_1416",0.575928968396906
"2019_1234_1416",0.517998941365028
"2019_1388_1416",0.370239430050815
"2019_1332_1416",0.289358651723847
"2019_1414_1416",0.210624961178193
"2019_1330_1416",0.154140190735045
"2019_1159_1416",0.156937493326292
"2019_1205_1416",0.144002590342706
"2019_1181_1278",0.779472134631267
"2019_1277_1278",0.759575010234563
"2019_1261_1278",0.697374674990256
"2019_1268_1278",0.62237985890033
"2019_1257_1278",0.626715918694749
"2019_1125_1278",0.445312668554236
"2019_1251_1278",0.260564019753155
"2019_1133_1278",0.142860512509998
"2019_1211_1278",0.772513532355536
"2019_1276_1278",0.718234737291039
"2019_1199_1278",0.654892822516093
"2019_1266_1278",0.619756106562916
"2019_1138_1278",0.682162038684672
"2019_1124_1278",0.522203918281326
"2019_1196_1278",0.530292859887986
"2019_1113_1278",0.405082580434016
"2019_1192_1278",0.146234574140607
"2019_1246_1278",0.723481600475721
"2019_1222_1278",0.704306116942054
"2019_1242_1278",0.71248957677411
"2019_1120_1278",0.690256499453658
"2019_1235_1278",0.649526171434632
"2019_1209_1278",0.166080235915768
"2019_1101_1278",0.150864215105999
"2019_1233_1278",0.146091475102136
"2019_1243_1278",0.623142805687559
"2019_1153_1278",0.619651688865381
"2019_1234_1278",0.604300419991061
"2019_1159_1278",0.157485466920486
"2019_1205_1278",0.146002175133316
"2019_1124_1125",0.577239771601014
"2019_1113_1125",0.483186164127572
"2019_1120_1125",0.71123595003321
"2019_1101_1125",0.148073450600845
"2019_1181_1396",0.79696393439736
"2019_1277_1396",0.776455517870499
"2019_1261_1396",0.755839209137277
"2019_1280_1396",0.732412188262676
"2019_1268_1396",0.70588062866743
"2019_1257_1396",0.695981335036731
"2019_1278_1396",0.589545582591654
"2019_1125_1396",0.544481461010466
"2019_1251_1396",0.346108166921063
"2019_1387_1396",0.156529489221363
"2019_1133_1396",0.14212304204998
"2019_1295_1396",0.140588684117782
"2019_1300_1396",0.140270850220011
"2019_1211_1396",0.784861607876482
"2019_1276_1396",0.747975324493989
"2019_1199_1396",0.713685454206077
"2019_1266_1396",0.688535812813459
"2019_1138_1396",0.747311435980062
"2019_1305_1396",0.73384887373291
"2019_1393_1396",0.580650220389855
"2019_1124_1396",0.568999990390484
"2019_1196_1396",0.577387394114125
"2019_1113_1396",0.52387264666912
"2019_1385_1396",0.455237082358994
"2019_1293_1396",0.537084021254556
"2019_1297_1396",0.200068467465432
"2019_1285_1396",0.162432886741486
"2019_1192_1396",0.141065978662836
"2019_1341_1396",0.139521588816185
"2019_1314_1396",0.79017281353572
"2019_1246_1396",0.750549014105804
"2019_1222_1396",0.765774390828578
"2019_1242_1396",0.739188413014767
"2019_1120_1396",0.745179997916774
"2019_1235_1396",0.710096633414532
"2019_1371_1396",0.54424151210503
"2019_1326_1396",0.5563833929754
"2019_1308_1396",0.479983611183257
"2019_1318_1396",0.251900677063229
"2019_1209_1396",0.157956918913951
"2019_1101_1396",0.145906903981308
"2019_1233_1396",0.141494238828151
"2019_1345_1396",0.736512584762197
"2019_1243_1396",0.7047603017492
"2019_1153_1396",0.654207184777823
"2019_1279_1396",0.583512341606632
"2019_1328_1396",0.646215398906695
"2019_1234_1396",0.603703493637688
"2019_1388_1396",0.501165815198712
"2019_1332_1396",0.4688196189114
"2019_1330_1396",0.166309591737616
"2019_1159_1396",0.157288015048434
"2019_1205_1396",0.142260617115224
"2019_1181_1251",0.86634597153193
"2019_1125_1251",0.71057827744257
"2019_1133_1251",0.14664072363131
"2019_1211_1251",0.866943809892023
"2019_1199_1251",0.83658743876109
"2019_1138_1251",0.832586260966148
"2019_1124_1251",0.711230713600084
"2019_1196_1251",0.7085380365905
"2019_1113_1251",0.652722465211729
"2019_1192_1251",0.146114276500375
"2019_1246_1251",0.84802972454918
"2019_1222_1251",0.855118477472966
"2019_1242_1251",0.843368934573436
"2019_1120_1251",0.830974819999381
"2019_1235_1251",0.78036109878113
"2019_1209_1251",0.268821625577088
"2019_1101_1251",0.150084277247963
"2019_1233_1251",0.147889901730904
"2019_1243_1251",0.789954766518718
"2019_1153_1251",0.752445810011138
"2019_1234_1251",0.734110468300817
"2019_1159_1251",0.192904260243684
"2019_1205_1251",0.146643578276118
"2019_1181_1387",0.878049781618256
"2019_1277_1387",0.869766450567754
"2019_1261_1387",0.867002023952471
"2019_1280_1387",0.863056493907672
"2019_1268_1387",0.833624579731038
"2019_1257_1387",0.834311155058691
"2019_1278_1387",0.820282544455807
"2019_1125_1387",0.815190052579152
"2019_1251_1387",0.721409499626556
"2019_1133_1387",0.193338404433365
"2019_1295_1387",0.15135963897268
"2019_1300_1387",0.142455924003691
"2019_1211_1387",0.870725984680627
"2019_1276_1387",0.841651591433749
"2019_1199_1387",0.841727762380996
"2019_1266_1387",0.834438904700573
"2019_1138_1387",0.871659782583712
"2019_1305_1387",0.864311898856387
"2019_1124_1387",0.827739601605452
"2019_1196_1387",0.818958814339588
"2019_1113_1387",0.789206943502553
"2019_1385_1387",0.814420528587198
"2019_1293_1387",0.800890184525373
"2019_1297_1387",0.609751188887146
"2019_1285_1387",0.411760540899019
"2019_1192_1387",0.179244994651127
"2019_1341_1387",0.149339138770364
"2019_1314_1387",0.875987151674264
"2019_1246_1387",0.838437599258413
"2019_1222_1387",0.867056721728125
"2019_1242_1387",0.865708967984822
"2019_1120_1387",0.868579834150047
"2019_1235_1387",0.864341046927283
"2019_1371_1387",0.797231402820554
"2019_1326_1387",0.801960015037319
"2019_1308_1387",0.780941459709654
"2019_1318_1387",0.651723716665024
"2019_1209_1387",0.548151456328026
"2019_1101_1387",0.281074484377579
"2019_1233_1387",0.150633640614158
"2019_1345_1387",0.839665624448065
"2019_1243_1387",0.831572302337077
"2019_1153_1387",0.836359585212126
"2019_1279_1387",0.824075314060552
"2019_1328_1387",0.827999845218417
"2019_1234_1387",0.825160215772501
"2019_1332_1387",0.779652613236604
"2019_1330_1387",0.579881828062545
"2019_1159_1387",0.405044514450345
"2019_1205_1387",0.186148846030968
"2019_1181_1463",0.873642741161995
"2019_1277_1463",0.870350601001103
"2019_1261_1463",0.858244278313946
"2019_1439_1463",0.817025658688389
"2019_1280_1463",0.842820202775027
"2019_1268_1463",0.81139253826586
"2019_1257_1463",0.802154362722822
"2019_1433_1463",0.764687985767453
"2019_1416_1463",0.77885499335314
"2019_1278_1463",0.751362811276111
"2019_1125_1463",0.760162801930474
"2019_1396_1463",0.661906068094585
"2019_1251_1463",0.56525320931373
"2019_1387_1463",0.250160333899226
"2019_1133_1463",0.152416587175123
"2019_1295_1463",0.143553025098786
"2019_1300_1463",0.138124184357305
"2019_1211_1463",0.875266380993932
"2019_1276_1463",0.843219413509677
"2019_1403_1463",0.830809912183158
"2019_1199_1463",0.83643953922298
"2019_1266_1463",0.809446394663565
"2019_1138_1463",0.847943033255123
"2019_1305_1463",0.850928167569909
"2019_1393_1463",0.754108738660341
"2019_1124_1463",0.752726668346659
"2019_1196_1463",0.757815715769834
"2019_1113_1463",0.675336995689028
"2019_1385_1463",0.683698273795086
"2019_1293_1463",0.735964126945504
"2019_1436_1463",0.559158827561148
"2019_1297_1463",0.352109996086097
"2019_1285_1463",0.245176379850471
"2019_1192_1463",0.148255033695933
"2019_1341_1463",0.144136176463381
"2019_1314_1463",0.874260809877886
"2019_1246_1463",0.835860212554811
"2019_1222_1463",0.866076193320103
"2019_1242_1463",0.857012877423533
"2019_1120_1463",0.847869071995053
"2019_1235_1463",0.826222140905968
"2019_1459_1463",0.807635949601447
"2019_1429_1463",0.779806036542215
"2019_1449_1463",0.76786499744103
"2019_1371_1463",0.684794007206613
"2019_1326_1463",0.728482470394704
"2019_1308_1463",0.680792190308825
"2019_1318_1463",0.550141466503457
"2019_1209_1463",0.330143727351894
"2019_1101_1463",0.155960157519009
"2019_1233_1463",0.149175265407884
"2019_1438_1463",0.837780178828718
"2019_1397_1463",0.869268462788883
"2019_1345_1463",0.831543106173301
"2019_1243_1463",0.821155392819078
"2019_1458_1463",0.82180054058403
"2019_1437_1463",0.806160052941158
"2019_1153_1463",0.805013535830854
"2019_1279_1463",0.751510262517735
"2019_1328_1463",0.786626762349757
"2019_1234_1463",0.780758668541407
"2019_1388_1463",0.73130807565817
"2019_1332_1463",0.662437682399778
"2019_1414_1463",0.630404537063778
"2019_1330_1463",0.379637872946774
"2019_1159_1463",0.218387809924371
"2019_1205_1463",0.15187825687453
"2019_1125_1133",0.876828228867546
"2019_1124_1133",0.867039695971976
"2019_1113_1133",0.87599847750992
"2019_1120_1133",0.881490110410617
"2019_1101_1133",0.566556316669553
"2019_1181_1295",0.884488505522148
"2019_1277_1295",0.88354763766699
"2019_1261_1295",0.880363059809513
"2019_1280_1295",0.881116359460074
"2019_1268_1295",0.85025388125252
"2019_1257_1295",0.879304957727824
"2019_1278_1295",0.881668613194835
"2019_1125_1295",0.881957523365121
"2019_1251_1295",0.866674406094424
"2019_1133_1295",0.76350116666683
"2019_1211_1295",0.884126381628343
"2019_1276_1295",0.883496143451997
"2019_1199_1295",0.88352854326825
"2019_1266_1295",0.880354471275246
"2019_1138_1295",0.884074887413349
"2019_1124_1295",0.871678020349222
"2019_1196_1295",0.870107164046118
"2019_1113_1295",0.881084250985134
"2019_1293_1295",0.874563259901242
"2019_1285_1295",0.864999872024558
"2019_1192_1295",0.444766844996634
"2019_1246_1295",0.881443713722199
"2019_1222_1295",0.883890667162056
"2019_1242_1295",0.883712763519544
"2019_1120_1295",0.882145508885222
"2019_1235_1295",0.884488505522148
"2019_1209_1295",0.87343695219834
"2019_1101_1295",0.775104611458727
"2019_1233_1295",0.513362373808969
"2019_1243_1295",0.853088911356288
"2019_1153_1295",0.881204641030064
"2019_1279_1295",0.878476885176832
"2019_1234_1295",0.881268471236427
"2019_1159_1295",0.853170630766548
"2019_1205_1295",0.754264619450869
"2019_1181_1300",0.884488505522148
"2019_1277_1300",0.884029761803555
"2019_1261_1300",0.879739182308357
"2019_1280_1300",0.879790144491212
"2019_1268_1300",0.875151905094325
"2019_1257_1300",0.876021747334775
"2019_1278_1300",0.880844277830062
"2019_1125_1300",0.880862778895044
"2019_1251_1300",0.869383942093787
"2019_1133_1300",0.847167178430171
"2019_1295_1300",0.83076754999604
"2019_1211_1300",0.882477607801234
"2019_1276_1300",0.8793921588602
"2019_1199_1300",0.881121684659247
"2019_1266_1300",0.877838370246904
"2019_1138_1300",0.884029761803555
"2019_1124_1300",0.877083050160279
"2019_1196_1300",0.878103856268319
"2019_1113_1300",0.880666648104212
"2019_1293_1300",0.875375667386653
"2019_1297_1300",0.879902194759626
"2019_1285_1300",0.874519237637909
"2019_1192_1300",0.866155133245842
"2019_1246_1300",0.878490510968096
"2019_1222_1300",0.883049085941505
"2019_1242_1300",0.881535302768046
"2019_1120_1300",0.87982750677457
"2019_1235_1300",0.882477607801234
"2019_1209_1300",0.873023520821084
"2019_1101_1300",0.842136792074694
"2019_1233_1300",0.875455740121207
"2019_1243_1300",0.86712705473065
"2019_1153_1300",0.879651049849713
"2019_1279_1300",0.874848639934704
"2019_1234_1300",0.8816089531374
"2019_1159_1300",0.880805011153845
"2019_1205_1300",0.868874236192339
"2019_1181_1211",0.574262750961032
"2019_1125_1211",0.168527843678186
"2019_1133_1211",0.137464031797564
"2019_1199_1211",0.35643272235302
"2019_1138_1211",0.334085728679017
"2019_1124_1211",0.204801985003787
"2019_1196_1211",0.232158174272195
"2019_1113_1211",0.16192567086673
"2019_1192_1211",0.137464031797564
"2019_1120_1211",0.327606588791834
"2019_1209_1211",0.145280350615165
"2019_1101_1211",0.137388184237383
"2019_1153_1211",0.285278418232578
"2019_1159_1211",0.138783384880938
"2019_1205_1211",0.137388184237383
"2019_1181_1276",0.639344850707619
"2019_1261_1276",0.478154609890721
"2019_1268_1276",0.34241574305355
"2019_1257_1276",0.34009888401982
"2019_1125_1276",0.1894149811587
"2019_1251_1276",0.154755536157629
"2019_1133_1276",0.138910935009994
"2019_1211_1276",0.627627587094033
"2019_1199_1276",0.463295096959857
"2019_1266_1276",0.309482559667613
"2019_1138_1276",0.383548345087773
"2019_1124_1276",0.240612167454374
"2019_1196_1276",0.260774312600976
"2019_1113_1276",0.185190321501759
"2019_1192_1276",0.146083943812417
"2019_1246_1276",0.561879207266829
"2019_1222_1276",0.502662492049848
"2019_1242_1276",0.466934696506651
"2019_1120_1276",0.40693821240577
"2019_1235_1276",0.316813570241496
"2019_1209_1276",0.150192530190359
"2019_1101_1276",0.143957624717227
"2019_1233_1276",0.141904371468196
"2019_1243_1276",0.373679496594638
"2019_1153_1276",0.301721820994002
"2019_1234_1276",0.267162965365147
"2019_1159_1276",0.143607646349423
"2019_1205_1276",0.140645899214677
"2019_1181_1403",0.636735764564251
"2019_1277_1403",0.594322889775285
"2019_1261_1403",0.498054100123443
"2019_1280_1403",0.33461919892659
"2019_1268_1403",0.353079266959589
"2019_1257_1403",0.323259290269382
"2019_1278_1403",0.223783621571694
"2019_1125_1403",0.194034186256115
"2019_1396_1403",0.187091531631592
"2019_1251_1403",0.15623317174223
"2019_1387_1403",0.148339915403129
"2019_1133_1403",0.139373927671403
"2019_1295_1403",0.140816470455469
"2019_1300_1403",0.139186918458631
"2019_1211_1403",0.625903152478578
"2019_1276_1403",0.567529623843893
"2019_1199_1403",0.474328079924282
"2019_1266_1403",0.317906146201292
"2019_1138_1403",0.377115610707049
"2019_1305_1403",0.395840944381101
"2019_1393_1403",0.25014275719386
"2019_1124_1403",0.221960094265272
"2019_1196_1403",0.25807006338497
"2019_1113_1403",0.178047318560035
"2019_1385_1403",0.168829946334291
"2019_1293_1403",0.213535892888739
"2019_1297_1403",0.150107317824284
"2019_1285_1403",0.148051413380296
"2019_1192_1403",0.14183841905936
"2019_1341_1403",0.144285680411623
"2019_1314_1403",0.614724389118364
"2019_1246_1403",0.563776570613222
"2019_1222_1403",0.523501816098582
"2019_1242_1403",0.476916829431128
"2019_1120_1403",0.404416647457254
"2019_1235_1403",0.31254503588505
"2019_1371_1403",0.185990959466797
"2019_1326_1403",0.197382352370397
"2019_1308_1403",0.179727473266051
"2019_1318_1403",0.151583667052032
"2019_1209_1403",0.146520731305299
"2019_1101_1403",0.138335444394621
"2019_1233_1403",0.141534459034027
"2019_1397_1403",0.595182476750904
"2019_1345_1403",0.544828618014226
"2019_1243_1403",0.361344151149607
"2019_1153_1403",0.308270711793502
"2019_1279_1403",0.232165782939914
"2019_1328_1403",0.276163793166211
"2019_1234_1403",0.268834594852449
"2019_1388_1403",0.199622704515043
"2019_1332_1403",0.188790162555608
"2019_1330_1403",0.147203691509516
"2019_1159_1403",0.146391140915748
"2019_1205_1403",0.141409225414656
"2019_1181_1199",0.656863891538761
"2019_1125_1199",0.22560749809059
"2019_1133_1199",0.137620317333486
"2019_1138_1199",0.430863370174257
"2019_1124_1199",0.271025007045699
"2019_1196_1199",0.284213236427502
"2019_1113_1199",0.207197140288419
"2019_1192_1199",0.143055887305488
"2019_1120_1199",0.53215895868007
"2019_1101_1199",0.141927100876743
"2019_1153_1199",0.363656882896743
"2019_1159_1199",0.145076798936649
"2019_1181_1266",0.668590162009991
"2019_1261_1266",0.618434318852284
"2019_1257_1266",0.57740929717236
"2019_1125_1266",0.308528275786592
"2019_1251_1266",0.181560460194568
"2019_1133_1266",0.139704354544183
"2019_1211_1266",0.659939603045049
"2019_1199_1266",0.621064582795697
"2019_1138_1266",0.630834594628827
"2019_1124_1266",0.337059917208973
"2019_1196_1266",0.407462747878768
"2019_1113_1266",0.270780912061578
"2019_1192_1266",0.146472052309265
"2019_1246_1266",0.621174061648544
"2019_1222_1266",0.629116942944862
"2019_1242_1266",0.639000181057467
"2019_1120_1266",0.625727796522133
"2019_1235_1266",0.545878136931269
"2019_1209_1266",0.151802043480704
"2019_1101_1266",0.144773615931464
"2019_1233_1266",0.143068684936832
"2019_1243_1266",0.595520441587512
"2019_1153_1266",0.475710838392498
"2019_1234_1266",0.440007587245326
"2019_1159_1266",0.15142333847711
"2019_1205_1266",0.145569339874322
"2019_1125_1138",0.263412245798673
"2019_1133_1138",0.139329430671782
"2019_1124_1138",0.28786743701057
"2019_1113_1138",0.235075911993824
"2019_1120_1138",0.575428375950665
"2019_1101_1138",0.138553090188798
"2019_1181_1305",0.653620347088945
"2019_1277_1305",0.615220707510799
"2019_1261_1305",0.583775942182541
"2019_1280_1305",0.531447722912624
"2019_1268_1305",0.546749545964074
"2019_1257_1305",0.492639688482333
"2019_1278_1305",0.312429491783179
"2019_1125_1305",0.238057929087866
"2019_1251_1305",0.168891301932462
"2019_1133_1305",0.140029029598773
"2019_1295_1305",0.13840381100241
"2019_1300_1305",0.138066621023318
"2019_1211_1305",0.642160209044415
"2019_1276_1305",0.592615497624086
"2019_1199_1305",0.574541173818193
"2019_1266_1305",0.455704895039199
"2019_1138_1305",0.543440564334553
"2019_1124_1305",0.284938644185708
"2019_1196_1305",0.290949366784405
"2019_1113_1305",0.22402267110025
"2019_1293_1305",0.264431335071207
"2019_1297_1305",0.148636957276824
"2019_1285_1305",0.145807096910731
"2019_1192_1305",0.144254538812306
"2019_1246_1305",0.60360026253335
"2019_1222_1305",0.596904010340567
"2019_1242_1305",0.582144832613032
"2019_1120_1305",0.559339747013031
"2019_1235_1305",0.472817762556807
"2019_1209_1305",0.148307743450669
"2019_1101_1305",0.144302817703094
"2019_1233_1305",0.139300251681273
"2019_1243_1305",0.550326072331165
"2019_1153_1305",0.434724971343757
"2019_1279_1305",0.29970120987238
"2019_1234_1305",0.381116402779922
"2019_1159_1305",0.146535312529028
"2019_1205_1305",0.139447285391052
"2019_1181_1393",0.763311637130385
"2019_1277_1393",0.725224797057665
"2019_1261_1393",0.655752774098536
"2019_1280_1393",0.646203873856069
"2019_1268_1393",0.620889423431735
"2019_1257_1393",0.616289997200288
"2019_1278_1393",0.480990127429755
"2019_1125_1393",0.393290370365297
"2019_1251_1393",0.228433610909316
"2019_1387_1393",0.148704869314366
"2019_1133_1393",0.145978717079911
"2019_1295_1393",0.142222432741454
"2019_1300_1393",0.140980915149647
"2019_1211_1393",0.750928571734671
"2019_1276_1393",0.722577452448611
"2019_1199_1393",0.657627235109866
"2019_1266_1393",0.642276085565061
"2019_1138_1393",0.654786401696404
"2019_1305_1393",0.650592764293104
"2019_1124_1393",0.537411989497119
"2019_1196_1393",0.551047274564027
"2019_1113_1393",0.365806564231906
"2019_1385_1393",0.359677060311629
"2019_1293_1393",0.441124846762973
"2019_1297_1393",0.16374693918331
"2019_1285_1393",0.15306893276423
"2019_1192_1393",0.142186204640514
"2019_1341_1393",0.144170990556477
"2019_1314_1393",0.743001555399814
"2019_1246_1393",0.715005299707022
"2019_1222_1393",0.691722850377381
"2019_1242_1393",0.659119236134354
"2019_1120_1393",0.660999505973039
"2019_1235_1393",0.652947476517629
"2019_1371_1393",0.424390540255468
"2019_1326_1393",0.447773595619395
"2019_1308_1393",0.385535703980034
"2019_1318_1393",0.190119682848413
"2019_1209_1393",0.165150508364188
"2019_1101_1393",0.147624869484732
"2019_1233_1393",0.144172862532085
"2019_1345_1393",0.673664373612487
"2019_1243_1393",0.612160166387132
"2019_1153_1393",0.625201158325774
"2019_1279_1393",0.529662792930213
"2019_1328_1393",0.588636101722174
"2019_1234_1393",0.559720728039484
"2019_1388_1393",0.406037115792326
"2019_1332_1393",0.309065438015735
"2019_1330_1393",0.164726278277401
"2019_1159_1393",0.150066805556907
"2019_1205_1393",0.143462523064701
"2019_1113_1124",0.37437001725133
"2019_1120_1124",0.662176141759701
"2019_1101_1124",0.150319345775442
"2019_1181_1196",0.744858967841604
"2019_1125_1196",0.407890349531421
"2019_1133_1196",0.146084065848446
"2019_1138_1196",0.668939795384586
"2019_1124_1196",0.509910674450345
"2019_1113_1196",0.377658757009026
"2019_1192_1196",0.142186204640514
"2019_1120_1196",0.661618815052605
"2019_1101_1196",0.147102945822397
"2019_1153_1196",0.557569163128661
"2019_1159_1196",0.14976660100784
"2019_1101_1113",0.151706452797146
"2019_1181_1385",0.815949031834926
"2019_1277_1385",0.769909534240713
"2019_1261_1385",0.76136123874077
"2019_1280_1385",0.73260489216356
"2019_1268_1385",0.739203647399928
"2019_1257_1385",0.715139846372079
"2019_1278_1385",0.611306259954094
"2019_1125_1385",0.5630591397696
"2019_1251_1385",0.409482046598224
"2019_1133_1385",0.142616880989234
"2019_1295_1385",0.140707872530541
"2019_1300_1385",0.136867319437382
"2019_1211_1385",0.80106896834097
"2019_1276_1385",0.764293047313806
"2019_1199_1385",0.750752146372498
"2019_1266_1385",0.694714956816289
"2019_1138_1385",0.761176754712125
"2019_1305_1385",0.742947034682139
"2019_1124_1385",0.624840305472953
"2019_1196_1385",0.656345195291669
"2019_1113_1385",0.60458836877151
"2019_1293_1385",0.563071505755411
"2019_1297_1385",0.227807955655882
"2019_1285_1385",0.181234622820973
"2019_1192_1385",0.141064736807353
"2019_1341_1385",0.137629775548119
"2019_1314_1385",0.811865222919706
"2019_1246_1385",0.768190778995443
"2019_1222_1385",0.767132715449124
"2019_1242_1385",0.763680340532197
"2019_1120_1385",0.748847409772987
"2019_1235_1385",0.72201468083951
"2019_1371_1385",0.600768470695397
"2019_1326_1385",0.597412670941691
"2019_1308_1385",0.534657893869844
"2019_1318_1385",0.302263365718335
"2019_1209_1385",0.184310669084975
"2019_1101_1385",0.145979417028521
"2019_1233_1385",0.139937829177193
"2019_1345_1385",0.752679154400317
"2019_1243_1385",0.739198744236967
"2019_1153_1385",0.695409143180352
"2019_1279_1385",0.641470895653666
"2019_1328_1385",0.674242422625188
"2019_1234_1385",0.649520684281629
"2019_1332_1385",0.491141808714153
"2019_1330_1385",0.18344327684768
"2019_1159_1385",0.157098757251696
"2019_1205_1385",0.142605161481754
"2019_1181_1293",0.791594384858864
"2019_1277_1293",0.76314031403229
"2019_1261_1293",0.720751117684919
"2019_1280_1293",0.692171024014917
"2019_1268_1293",0.67520468953777
"2019_1257_1293",0.647318796420229
"2019_1278_1293",0.54747294215288
"2019_1125_1293",0.489054261967519
"2019_1251_1293",0.234153699642999
"2019_1133_1293",0.142351019196361
"2019_1211_1293",0.787994715568385
"2019_1276_1293",0.728860381105417
"2019_1199_1293",0.710473849790381
"2019_1266_1293",0.629805200335244
"2019_1138_1293",0.687502801597459
"2019_1124_1293",0.550912495533228
"2019_1196_1293",0.549982847861748
"2019_1113_1293",0.44750916442574
"2019_1285_1293",0.150233855252136
"2019_1192_1293",0.142793818901039
"2019_1246_1293",0.731556644821887
"2019_1222_1293",0.734029955473552
"2019_1242_1293",0.735673950560737
"2019_1120_1293",0.728753860330581
"2019_1235_1293",0.665959433091291
"2019_1209_1293",0.163019930386894
"2019_1101_1293",0.147798353647068
"2019_1233_1293",0.142619554888089
"2019_1243_1293",0.669548899042253
"2019_1153_1293",0.615881018967247
"2019_1279_1293",0.562057140834754
"2019_1234_1293",0.601912932798176
"2019_1159_1293",0.149860387532659
"2019_1205_1293",0.141008959293663
"2019_1181_1436",0.868457093525679
"2019_1277_1436",0.860988840819796
"2019_1261_1436",0.850163164751561
"2019_1280_1436",0.827076387704779
"2019_1268_1436",0.805982547154358
"2019_1257_1436",0.791333840643788
"2019_1433_1436",0.762729332714324
"2019_1416_1436",0.77264004577822
"2019_1278_1436",0.748641137769318
"2019_1125_1436",0.723033732872061
"2019_1396_1436",0.673003104382293
"2019_1251_1436",0.538722959764315
"2019_1387_1436",0.23279464426084
"2019_1133_1436",0.151513411957162
"2019_1295_1436",0.143794522226281
"2019_1300_1436",0.140056082570464
"2019_1211_1436",0.867419605845734
"2019_1276_1436",0.859102652859398
"2019_1403_1436",0.827948782412226
"2019_1199_1436",0.854713591821235
"2019_1266_1436",0.82832102149083
"2019_1138_1436",0.846972042825829
"2019_1305_1436",0.850819756897439
"2019_1393_1436",0.743826951367525
"2019_1124_1436",0.750544227953706
"2019_1196_1436",0.760416936225557
"2019_1113_1436",0.714991532432793
"2019_1385_1436",0.636696972995052
"2019_1293_1436",0.736735767894226
"2019_1297_1436",0.288378477901607
"2019_1285_1436",0.201500555709627
"2019_1192_1436",0.150641415550077
"2019_1341_1436",0.147345161389058
"2019_1314_1436",0.864276659404807
"2019_1246_1436",0.85494603330294
"2019_1222_1436",0.863239610097211
"2019_1242_1436",0.854815362296942
"2019_1120_1436",0.837780157141784
"2019_1235_1436",0.817414665058187
"2019_1429_1436",0.762232998301251
"2019_1371_1436",0.7324491473795
"2019_1326_1436",0.723757814356758
"2019_1308_1436",0.654740412963508
"2019_1318_1436",0.493043003553683
"2019_1209_1436",0.314438572716402
"2019_1101_1436",0.161197271607096
"2019_1233_1436",0.149717665426269
"2019_1397_1436",0.8617740088547
"2019_1345_1436",0.85339788476568
"2019_1243_1436",0.813325962421225
"2019_1153_1436",0.812562730526457
"2019_1279_1436",0.765274854170873
"2019_1328_1436",0.776616376751127
"2019_1234_1436",0.805121137258082
"2019_1388_1436",0.732962319290304
"2019_1332_1436",0.682351162511752
"2019_1414_1436",0.596744721327584
"2019_1330_1436",0.354423728407651
"2019_1159_1436",0.181866586013207
"2019_1205_1436",0.152858609892733
"2019_1181_1297",0.875286432741431
"2019_1277_1297",0.8592485041162
"2019_1261_1297",0.836544568984902
"2019_1280_1297",0.832762675238362
"2019_1268_1297",0.82726421867538
"2019_1257_1297",0.828786385432171
"2019_1278_1297",0.798497005057459
"2019_1125_1297",0.79732592339712
"2019_1251_1297",0.62859689176452
"2019_1133_1297",0.159281776679483
"2019_1295_1297",0.145066293795899
"2019_1211_1297",0.871095341721524
"2019_1276_1297",0.835669244489321
"2019_1199_1297",0.835511888305105
"2019_1266_1297",0.825532524231003
"2019_1138_1297",0.868028104094917
"2019_1124_1297",0.803405195821811
"2019_1196_1297",0.798800486339805
"2019_1113_1297",0.768854463251307
"2019_1293_1297",0.773982145562198
"2019_1285_1297",0.323174680271248
"2019_1192_1297",0.147044105790643
"2019_1246_1297",0.829558174989174
"2019_1222_1297",0.840197228592442
"2019_1242_1297",0.841287115999775
"2019_1120_1297",0.83752598592784
"2019_1235_1297",0.859414907104521
"2019_1209_1297",0.467954688475884
"2019_1101_1297",0.217914519241389
"2019_1233_1297",0.148440341397239
"2019_1243_1297",0.825588822915061
"2019_1153_1297",0.826099601676172
"2019_1279_1297",0.802379405850573
"2019_1234_1297",0.81697669340409
"2019_1159_1297",0.274128731764008
"2019_1205_1297",0.163771659417006
"2019_1181_1285",0.879570368756937
"2019_1277_1285",0.864942324557474
"2019_1261_1285",0.84680886101391
"2019_1280_1285",0.843259861942803
"2019_1268_1285",0.836740543951539
"2019_1257_1285",0.841029214628196
"2019_1278_1285",0.830663890571367
"2019_1125_1285",0.83950762893709
"2019_1251_1285",0.737315298413249
"2019_1133_1285",0.227806906142708
"2019_1211_1285",0.878052596964137
"2019_1276_1285",0.84818611183074
"2019_1199_1285",0.848784332516068
"2019_1266_1285",0.834746634264194
"2019_1138_1285",0.877188938769693
"2019_1124_1285",0.825567209711453
"2019_1196_1285",0.830838035169626
"2019_1113_1285",0.822452189696269
"2019_1192_1285",0.157013842033184
"2019_1246_1285",0.841489632883344
"2019_1222_1285",0.850675651206273
"2019_1242_1285",0.848532423886952
"2019_1120_1285",0.851137104533071
"2019_1235_1285",0.861930727751438
"2019_1209_1285",0.604180618705353
"2019_1101_1285",0.325195957875776
"2019_1233_1285",0.151077556239516
"2019_1243_1285",0.837673140910374
"2019_1153_1285",0.838696656346659
"2019_1279_1285",0.828167331650657
"2019_1234_1285",0.834416334884683
"2019_1159_1285",0.453218452422915
"2019_1205_1285",0.205675326218623
"2019_1181_1192",0.884074887413349
"2019_1125_1192",0.874230611472802
"2019_1133_1192",0.713263717366812
"2019_1138_1192",0.882330517957432
"2019_1124_1192",0.850021695499633
"2019_1113_1192",0.847679013796566
"2019_1120_1192",0.880102030241869
"2019_1101_1192",0.7400323952185
"2019_1153_1192",0.853823826603619
"2019_1159_1192",0.856881737791118
"2019_1181_1341",0.883909761560795
"2019_1277_1341",0.871858465880281
"2019_1261_1341",0.872107362328935
"2019_1280_1341",0.872407796123626
"2019_1268_1341",0.838793222768326
"2019_1257_1341",0.841407560850156
"2019_1278_1341",0.845627124158648
"2019_1125_1341",0.870312735661062
"2019_1251_1341",0.836533903208989
"2019_1133_1341",0.760347846081548
"2019_1295_1341",0.532658092726066
"2019_1300_1341",0.149789265800724
"2019_1211_1341",0.871209092222788
"2019_1276_1341",0.845137281468474
"2019_1199_1341",0.845327206433679
"2019_1266_1341",0.84302696344811
"2019_1138_1341",0.879942697972824
"2019_1305_1341",0.866084515986211
"2019_1124_1341",0.839637269031921
"2019_1196_1341",0.840367995650401
"2019_1113_1341",0.843942551734579
"2019_1293_1341",0.841345084995454
"2019_1297_1341",0.845509013466869
"2019_1285_1341",0.854564396944586
"2019_1192_1341",0.555337181842301
"2019_1314_1341",0.880628817902906
"2019_1246_1341",0.843263996476969
"2019_1222_1341",0.868387007960172
"2019_1242_1341",0.870249052273509
"2019_1120_1341",0.877793062990819
"2019_1235_1341",0.871209092222788
"2019_1326_1341",0.839066470335705
"2019_1308_1341",0.84479973688336
"2019_1318_1341",0.840760352482763
"2019_1209_1341",0.836341629237584
"2019_1101_1341",0.809930074620806
"2019_1233_1341",0.544796934527006
"2019_1243_1341",0.837560948177951
"2019_1153_1341",0.846139143554697
"2019_1279_1341",0.840596812464463
"2019_1328_1341",0.839871641170707
"2019_1234_1341",0.846595150842072
"2019_1332_1341",0.848150020920222
"2019_1330_1341",0.843257249505204
"2019_1159_1341",0.85763439124344
"2019_1205_1341",0.740513772534925
"2019_1181_1314",0.573755710084236
"2019_1277_1314",0.53728702000276
"2019_1261_1314",0.418883226477477
"2019_1280_1314",0.312879889693562
"2019_1268_1314",0.304669866291611
"2019_1257_1314",0.299769443431462
"2019_1278_1314",0.197045392755496
"2019_1125_1314",0.176855588357217
"2019_1251_1314",0.153686653572592
"2019_1133_1314",0.137777710201615
"2019_1295_1314",0.139350010800452
"2019_1300_1314",0.137023788632988
"2019_1211_1314",0.565185622086385
"2019_1276_1314",0.510317612074824
"2019_1199_1314",0.362142554219053
"2019_1266_1314",0.290518376520123
"2019_1138_1314",0.338728893229326
"2019_1305_1314",0.344499400340852
"2019_1124_1314",0.208247401399171
"2019_1196_1314",0.23985942116556
"2019_1113_1314",0.162380388491678
"2019_1293_1314",0.198256744108481
"2019_1297_1314",0.144465002979151
"2019_1285_1314",0.142482628290516
"2019_1192_1314",0.139117639958133
"2019_1246_1314",0.528355745940604
"2019_1222_1314",0.458790431631699
"2019_1242_1314",0.36768451841759
"2019_1120_1314",0.360848547378988
"2019_1235_1314",0.293915124102088
"2019_1308_1314",0.163848912374588
"2019_1209_1314",0.144240461249769
"2019_1101_1314",0.137890885862385
"2019_1233_1314",0.137657893526916
"2019_1243_1314",0.322518885152765
"2019_1153_1314",0.274704518543958
"2019_1279_1314",0.215379191473365
"2019_1234_1314",0.248683687746004
"2019_1159_1314",0.139736216717918
"2019_1205_1314",0.139294390053405
"2019_1181_1246",0.632575947454161
"2019_1125_1246",0.18832214721146
"2019_1133_1246",0.139217855974466
"2019_1211_1246",0.629310008066144
"2019_1199_1246",0.426115320372913
"2019_1138_1246",0.356966773837708
"2019_1124_1246",0.227992099670192
"2019_1196_1246",0.264342577840798
"2019_1113_1246",0.167136731983923
"2019_1192_1246",0.143663156530627
"2019_1222_1246",0.506701960612528
"2019_1242_1246",0.397566236120006
"2019_1120_1246",0.381361661656165
"2019_1235_1246",0.303399314995031
"2019_1209_1246",0.149208470892765
"2019_1101_1246",0.143240868483243
"2019_1233_1246",0.141496449284835
"2019_1243_1246",0.362270570938
"2019_1153_1246",0.295376445273283
"2019_1234_1246",0.269997961663491
"2019_1159_1246",0.143454392872725
"2019_1205_1246",0.138584742421353
"2019_1181_1222",0.63795493978942
"2019_1125_1222",0.209584689544714
"2019_1133_1222",0.137698607632969
"2019_1211_1222",0.626476754422257
"2019_1199_1222",0.526360108671283
"2019_1138_1222",0.380764899940964
"2019_1124_1222",0.253823982356088
"2019_1196_1222",0.272022931820293
"2019_1113_1222",0.19361642353215
"2019_1192_1222",0.141813561156297
"2019_1120_1222",0.445648905689977
"2019_1209_1222",0.149360518794014
"2019_1101_1222",0.140496884606221
"2019_1153_1222",0.31098830093562
"2019_1159_1222",0.143349993239379
"2019_1205_1222",0.141598105107075
"2019_1181_1242",0.647579050763373
"2019_1125_1242",0.219205745288394
"2019_1133_1242",0.13763584546763
"2019_1211_1242",0.636045183577958
"2019_1199_1242",0.565548405923667
"2019_1138_1242",0.437532081960807
"2019_1124_1242",0.263782719984146
"2019_1196_1242",0.290901091488763
"2019_1113_1242",0.200266713664017
"2019_1192_1242",0.140307782584026
"2019_1222_1242",0.581365552654855
"2019_1120_1242",0.53424111760326
"2019_1235_1242",0.365821107699869
"2019_1209_1242",0.146095988932177
"2019_1101_1242",0.138590786007601
"2019_1233_1242",0.138929915988415
"2019_1153_1242",0.349933284857477
"2019_1234_1242",0.301930233826403
"2019_1159_1242",0.142629623982997
"2019_1205_1242",0.140525023647832
"2019_1113_1120",0.215100309706263
"2019_1101_1120",0.141407883345269
"2019_1181_1235",0.660805160506201
"2019_1125_1235",0.313097796602077
"2019_1133_1235",0.1390601046649
"2019_1211_1235",0.652974238923515
"2019_1199_1235",0.607761910111808
"2019_1138_1235",0.578214203629324
"2019_1124_1235",0.3364216197332
"2019_1196_1235",0.356362631719986
"2019_1113_1235",0.288422848382866
"2019_1192_1235",0.13777445519315
"2019_1222_1235",0.619630829160397
"2019_1120_1235",0.609203643137293
"2019_1209_1235",0.15053422951258
"2019_1101_1235",0.141305770603907
"2019_1233_1235",0.138844938341353
"2019_1153_1235",0.501256938289732
"2019_1234_1235",0.460830722286948
"2019_1159_1235",0.145530967652612
"2019_1205_1235",0.138659977388896
"2019_1181_1459",0.662363959995637
"2019_1277_1459",0.644527394478383
"2019_1261_1459",0.600587568493463
"2019_1439_1459",0.594611324491854
"2019_1280_1459",0.543806859471123
"2019_1268_1459",0.566511247686929
"2019_1257_1459",0.542257101466393
"2019_1433_1459",0.35331820800286
"2019_1416_1459",0.441499033285256
"2019_1278_1459",0.359089209298747
"2019_1125_1459",0.275281543372132
"2019_1396_1459",0.262477988973075
"2019_1251_1459",0.162210903227705
"2019_1387_1459",0.156523814107822
"2019_1133_1459",0.141587347330599
"2019_1295_1459",0.139592178949574
"2019_1300_1459",0.140352350893716
"2019_1211_1459",0.661758064328943
"2019_1276_1459",0.621142343513403
"2019_1403_1459",0.61835792344805
"2019_1199_1459",0.603378828549842
"2019_1266_1459",0.483747800670628
"2019_1138_1459",0.589137412268338
"2019_1305_1459",0.587132199626392
"2019_1393_1459",0.345584380769317
"2019_1124_1459",0.327917655537399
"2019_1196_1459",0.342375073304482
"2019_1113_1459",0.250960367279615
"2019_1385_1459",0.198062908546225
"2019_1293_1459",0.293068587451972
"2019_1436_1459",0.157528546434473
"2019_1297_1459",0.148921500723575
"2019_1285_1459",0.150967106797677
"2019_1192_1459",0.145218109327866
"2019_1341_1459",0.146207878979753
"2019_1314_1459",0.659812983307946
"2019_1246_1459",0.62332791070651
"2019_1222_1459",0.619576098522197
"2019_1242_1459",0.606649568788773
"2019_1120_1459",0.590678492237249
"2019_1235_1459",0.532355860992971
"2019_1429_1459",0.29446372514098
"2019_1449_1459",0.334575460857439
"2019_1371_1459",0.267295856575544
"2019_1326_1459",0.274012481310435
"2019_1308_1459",0.233127832823275
"2019_1318_1459",0.155984943677063
"2019_1209_1459",0.150142529490705
"2019_1101_1459",0.146463672238955
"2019_1233_1459",0.143488941997936
"2019_1438_1459",0.624556838435559
"2019_1397_1459",0.653144836941192
"2019_1345_1459",0.607403521397457
"2019_1243_1459",0.570537110138629
"2019_1458_1459",0.586888883581531
"2019_1437_1459",0.498083853911971
"2019_1153_1459",0.471725074657743
"2019_1279_1459",0.321559823538761
"2019_1328_1459",0.441642629270139
"2019_1234_1459",0.421095907738575
"2019_1388_1459",0.282593784987682
"2019_1332_1459",0.280470947250561
"2019_1414_1459",0.177520070224826
"2019_1330_1459",0.1536065035018
"2019_1159_1459",0.148499237228929
"2019_1205_1459",0.140530334141568
"2019_1181_1429",0.755223553043961
"2019_1277_1429",0.712122046097153
"2019_1261_1429",0.675259731856437
"2019_1280_1429",0.632557612241469
"2019_1268_1429",0.631542624892705
"2019_1257_1429",0.615754667353698
"2019_1416_1429",0.603717798318429
"2019_1278_1429",0.53536175146771
"2019_1125_1429",0.425553813924324
"2019_1396_1429",0.46804765183235
"2019_1251_1429",0.236528509457401
"2019_1387_1429",0.151406613674267
"2019_1133_1429",0.140882047183447
"2019_1295_1429",0.140808560616773
"2019_1300_1429",0.137099636193169
"2019_1211_1429",0.744829499808827
"2019_1276_1429",0.706506549484304
"2019_1403_1429",0.702349515240948
"2019_1199_1429",0.672169319858715
"2019_1266_1429",0.616952993055189
"2019_1138_1429",0.66362801082578
"2019_1305_1429",0.64734061298326
"2019_1393_1429",0.574695633928382
"2019_1124_1429",0.564797381718018
"2019_1196_1429",0.548634284528539
"2019_1113_1429",0.46195470906842
"2019_1385_1429",0.379371547789725
"2019_1293_1429",0.454770279693112
"2019_1297_1429",0.180703895270542
"2019_1285_1429",0.158320606777222
"2019_1192_1429",0.142579402269037
"2019_1341_1429",0.143476971982626
"2019_1314_1429",0.756260148515624
"2019_1246_1429",0.704762410600661
"2019_1222_1429",0.680820767687015
"2019_1242_1429",0.687034488508661
"2019_1120_1429",0.685048250344845
"2019_1235_1429",0.616726290161793
"2019_1371_1429",0.470416744616873
"2019_1326_1429",0.494240278335741
"2019_1308_1429",0.363599834543816
"2019_1318_1429",0.206903506440545
"2019_1209_1429",0.155076087156309
"2019_1101_1429",0.14722108200459
"2019_1233_1429",0.139894723275067
"2019_1397_1429",0.739692615418933
"2019_1345_1429",0.699914957284647
"2019_1243_1429",0.623341555989806
"2019_1153_1429",0.613749327008043
"2019_1279_1429",0.557424735816398
"2019_1328_1429",0.590052648874298
"2019_1234_1429",0.5927576227434
"2019_1388_1429",0.462678074511231
"2019_1332_1429",0.370842220021859
"2019_1414_1429",0.265271537179638
"2019_1330_1429",0.153746271911057
"2019_1159_1429",0.149614293516118
"2019_1205_1429",0.139518383866564
"2019_1181_1449",0.753702968249339
"2019_1277_1449",0.734849468888382
"2019_1261_1449",0.66548673574344
"2019_1439_1449",0.658751329140323
"2019_1280_1449",0.640344275171635
"2019_1268_1449",0.625217694838569
"2019_1257_1449",0.609807582456202
"2019_1433_1449",0.53362098015266
"2019_1416_1449",0.584644975092246
"2019_1278_1449",0.506164001857169
"2019_1125_1449",0.406259003550969
"2019_1396_1449",0.381445904975406
"2019_1251_1449",0.207166659003196
"2019_1387_1449",0.150623064352442
"2019_1133_1449",0.143200443481509
"2019_1295_1449",0.143015474768005
"2019_1300_1449",0.140352350893716
"2019_1211_1449",0.751648375942225
"2019_1276_1449",0.70543959605647
"2019_1403_1449",0.697699383157157
"2019_1199_1449",0.644921770839671
"2019_1266_1449",0.608371676278042
"2019_1138_1449",0.655143454109892
"2019_1305_1449",0.655830216035439
"2019_1393_1449",0.529363418884556
"2019_1124_1449",0.520714560809801
"2019_1196_1449",0.539934439179039
"2019_1113_1449",0.343363452490344
"2019_1385_1449",0.296670330209756
"2019_1293_1449",0.439000955679249
"2019_1436_1449",0.21051289922736
"2019_1297_1449",0.176965411292874
"2019_1285_1449",0.153077084065731
"2019_1192_1449",0.142665893249325
"2019_1341_1449",0.141309702792957
"2019_1314_1449",0.734008683284738
"2019_1246_1449",0.70308992614843
"2019_1222_1449",0.682265113062134
"2019_1242_1449",0.678156715182857
"2019_1120_1449",0.673879766076694
"2019_1235_1449",0.613981042731107
"2019_1429_1449",0.468976606039696
"2019_1371_1449",0.358365608673533
"2019_1326_1449",0.471638075323371
"2019_1308_1449",0.356373633994088
"2019_1318_1449",0.201375667618248
"2019_1209_1449",0.151714464076081
"2019_1101_1449",0.14659011935869
"2019_1233_1449",0.141597625207762
"2019_1438_1449",0.708712915373417
"2019_1397_1449",0.737156814910843
"2019_1345_1449",0.69375484396209
"2019_1243_1449",0.616814426389071
"2019_1437_1449",0.611827247817019
"2019_1153_1449",0.618286162101251
"2019_1279_1449",0.520624420740118
"2019_1328_1449",0.584735255495977
"2019_1234_1449",0.581317680716777
"2019_1388_1449",0.432173229793276
"2019_1332_1449",0.358365075587193
"2019_1414_1449",0.26367094478279
"2019_1330_1449",0.155307844556503
"2019_1159_1449",0.150012495290627
"2019_1205_1449",0.143967701891972
"2019_1181_1371",0.810015298401357
"2019_1277_1371",0.788900793594002
"2019_1261_1371",0.741288955656112
"2019_1280_1371",0.706365888870638
"2019_1268_1371",0.682423737869714
"2019_1257_1371",0.69701343906891
"2019_1278_1371",0.585553471081966
"2019_1125_1371",0.520063692079492
"2019_1251_1371",0.322864896220553
"2019_1133_1371",0.143486538235161
"2019_1295_1371",0.142433070500809
"2019_1300_1371",0.140397048646162
"2019_1211_1371",0.792846007178577
"2019_1276_1371",0.755718702866944
"2019_1199_1371",0.727296280813917
"2019_1266_1371",0.645359814957507
"2019_1138_1371",0.737997762850028
"2019_1305_1371",0.705297061626294
"2019_1124_1371",0.604877957862886
"2019_1196_1371",0.588667743781803
"2019_1113_1371",0.496539170442545
"2019_1293_1371",0.539421867963511
"2019_1297_1371",0.1942387957067
"2019_1285_1371",0.153633881264222
"2019_1192_1371",0.143211095386308
"2019_1341_1371",0.143565885252723
"2019_1314_1371",0.806557167496886
"2019_1246_1371",0.755537233470384
"2019_1222_1371",0.736804810065501
"2019_1242_1371",0.756094096681264
"2019_1120_1371",0.752216624905451
"2019_1235_1371",0.71756563551888
"2019_1326_1371",0.567433336974276
"2019_1308_1371",0.471480900965176
"2019_1318_1371",0.234332297875986
"2019_1209_1371",0.181180959857653
"2019_1101_1371",0.147363183173601
"2019_1233_1371",0.141790613241766
"2019_1345_1371",0.739832748825393
"2019_1243_1371",0.6927852636948
"2019_1153_1371",0.628789515624116
"2019_1279_1371",0.610534312610004
"2019_1328_1371",0.621168632634107
"2019_1234_1371",0.61558994936068
"2019_1332_1371",0.445816249458
"2019_1330_1371",0.170295532926202
"2019_1159_1371",0.151995338584989
"2019_1205_1371",0.142874571349117
"2019_1181_1326",0.796993207645407
"2019_1277_1326",0.784642970674698
"2019_1261_1326",0.721617349290157
"2019_1280_1326",0.666508208559346
"2019_1268_1326",0.631510057298771
"2019_1257_1326",0.633142531711985
"2019_1278_1326",0.582366355298093
"2019_1125_1326",0.458602502532545
"2019_1251_1326",0.292294514407219
"2019_1133_1326",0.143199128722321
"2019_1295_1326",0.141349906183828
"2019_1300_1326",0.140093876581148
"2019_1211_1326",0.790159070847681
"2019_1276_1326",0.76494584890159
"2019_1199_1326",0.698077829398451
"2019_1266_1326",0.652004357886901
"2019_1138_1326",0.693022402416706
"2019_1305_1326",0.679707917076475
"2019_1124_1326",0.590426763271202
"2019_1196_1326",0.593549447240548
"2019_1113_1326",0.434472914587508
"2019_1293_1326",0.489163505343651
"2019_1297_1326",0.191469163723827
"2019_1285_1326",0.161689789423174
"2019_1192_1326",0.146093325138938
"2019_1314_1326",0.795577973241501
"2019_1246_1326",0.773661665163069
"2019_1222_1326",0.742830094231776
"2019_1242_1326",0.730486819862627
"2019_1120_1326",0.690848806342781
"2019_1235_1326",0.658613751656751
"2019_1308_1326",0.425293496800317
"2019_1318_1326",0.221721107209739
"2019_1209_1326",0.173018903310814
"2019_1101_1326",0.150842167046713
"2019_1233_1326",0.145661847326565
"2019_1243_1326",0.641753876447868
"2019_1153_1326",0.633210264580274
"2019_1279_1326",0.620048738375723
"2019_1234_1326",0.635657278491163
"2019_1159_1326",0.152813263669883
"2019_1205_1326",0.142550043616398
"2019_1181_1308",0.803354209081804
"2019_1277_1308",0.772911087800872
"2019_1261_1308",0.724531489689717
"2019_1280_1308",0.701297444543688
"2019_1268_1308",0.703476951519173
"2019_1257_1308",0.678728229586069
"2019_1278_1308",0.599920792243416
"2019_1125_1308",0.560642640099058
"2019_1251_1308",0.318833118053849
"2019_1133_1308",0.142337405564639
"2019_1295_1308",0.139320757222857
"2019_1300_1308",0.137965490900549
"2019_1211_1308",0.796210367231755
"2019_1276_1308",0.740063130279482
"2019_1199_1308",0.723420757070599
"2019_1266_1308",0.678444089140707
"2019_1138_1308",0.723853459803227
"2019_1305_1308",0.710491581918483
"2019_1124_1308",0.576274689271709
"2019_1196_1308",0.577274100801683
"2019_1113_1308",0.537745154730803
"2019_1293_1308",0.597148312135006
"2019_1297_1308",0.226408116100779
"2019_1285_1308",0.185329519466782
"2019_1192_1308",0.144876027964733
"2019_1246_1308",0.749689092924322
"2019_1222_1308",0.755920266803101
"2019_1242_1308",0.735631475009305
"2019_1120_1308",0.723335763198832
"2019_1235_1308",0.709358393643293
"2019_1209_1308",0.176670335179346
"2019_1101_1308",0.148594131741163
"2019_1233_1308",0.144323584810647
"2019_1243_1308",0.708385572519406
"2019_1153_1308",0.656793249058718
"2019_1279_1308",0.602541132227258
"2019_1234_1308",0.615844460401506
"2019_1159_1308",0.163244783433442
"2019_1205_1308",0.145482072805872
"2019_1181_1318",0.871903831788327
"2019_1277_1318",0.865030052950131
"2019_1261_1318",0.839227250876752
"2019_1280_1318",0.823102194650943
"2019_1268_1318",0.810329104630398
"2019_1257_1318",0.805053911197599
"2019_1278_1318",0.744598380866519
"2019_1125_1318",0.758583307432023
"2019_1251_1318",0.553866968585005
"2019_1133_1318",0.149273193504923
"2019_1295_1318",0.141571786259408
"2019_1300_1318",0.137491070804192
"2019_1211_1318",0.870997667440805
"2019_1276_1318",0.83914672053438
"2019_1199_1318",0.825109312225454
"2019_1266_1318",0.805720886209754
"2019_1138_1318",0.849139540208775
"2019_1305_1318",0.820477206662992
"2019_1124_1318",0.752201928942875
"2019_1196_1318",0.766985710140031
"2019_1113_1318",0.706790904470841
"2019_1293_1318",0.733078224045648
"2019_1297_1318",0.34744020945061
"2019_1285_1318",0.229516983645526
"2019_1192_1318",0.145384081404071
"2019_1314_1318",0.871273995125475
"2019_1246_1318",0.828148120419159
"2019_1222_1318",0.838799418459303
"2019_1242_1318",0.854200381656027
"2019_1120_1318",0.837549443854684
"2019_1235_1318",0.834375813657989
"2019_1308_1318",0.683646403798055
"2019_1209_1318",0.349778928487386
"2019_1101_1318",0.164577493083049
"2019_1233_1318",0.142353610988845
"2019_1243_1318",0.822577767828444
"2019_1153_1318",0.80247400295745
"2019_1279_1318",0.749927653193018
"2019_1234_1318",0.779006130060679
"2019_1159_1318",0.201588955481739
"2019_1205_1318",0.145207737149016
"2019_1181_1209",0.884074887413349
"2019_1125_1209",0.789452431527441
"2019_1133_1209",0.211384448793111
"2019_1199_1209",0.847717241412448
"2019_1138_1209",0.876022085755491
"2019_1124_1209",0.788855120043766
"2019_1196_1209",0.792138662886003
"2019_1113_1209",0.75964026178514
"2019_1192_1209",0.203711089822839
"2019_1120_1209",0.863970512440576
"2019_1101_1209",0.217448871481107
"2019_1153_1209",0.836230124554315
"2019_1159_1209",0.347652490835191
"2019_1205_1209",0.182495498271983
"2019_1181_1233",0.884488505522148
"2019_1125_1233",0.872329911746653
"2019_1133_1233",0.744550123383689
"2019_1211_1233",0.880984970003606
"2019_1199_1233",0.854458317533365
"2019_1138_1233",0.883667154657395
"2019_1124_1233",0.84295018120063
"2019_1196_1233",0.844849772722087
"2019_1113_1233",0.84582216381712
"2019_1192_1233",0.536766754217096
"2019_1222_1233",0.879254148999195
"2019_1120_1233",0.878119821753999
"2019_1209_1233",0.826381967287155
"2019_1101_1233",0.777276572128237
"2019_1153_1233",0.847971721080604
"2019_1159_1233",0.840592112335335
"2019_1205_1233",0.714954870122567
"2019_1181_1438",0.588218285816956
"2019_1277_1438",0.497827889469598
"2019_1261_1438",0.372652711385143
"2019_1280_1438",0.299551806056149
"2019_1268_1438",0.299903222357561
"2019_1257_1438",0.295442119934273
"2019_1433_1438",0.239917168489181
"2019_1416_1438",0.236816879335309
"2019_1278_1438",0.181692450784071
"2019_1125_1438",0.180126178737945
"2019_1396_1438",0.176239570976432
"2019_1251_1438",0.154716757710006
"2019_1387_1438",0.153350184705644
"2019_1133_1438",0.139449391948933
"2019_1295_1438",0.13987827475056
"2019_1300_1438",0.138613916771783
"2019_1211_1438",0.58467107409702
"2019_1276_1438",0.470723167775977
"2019_1403_1438",0.408940235021575
"2019_1199_1438",0.326564837878777
"2019_1266_1438",0.281127869041613
"2019_1138_1438",0.312981894879401
"2019_1305_1438",0.323125136462511
"2019_1393_1438",0.220244310665452
"2019_1124_1438",0.199563220963397
"2019_1196_1438",0.242967283513741
"2019_1113_1438",0.162138358563229
"2019_1385_1438",0.162563957971017
"2019_1293_1438",0.196603094508379
"2019_1436_1438",0.149116910349624
"2019_1297_1438",0.149016787270813
"2019_1285_1438",0.149022968566704
"2019_1192_1438",0.143911058819785
"2019_1341_1438",0.144754954117133
"2019_1314_1438",0.555205858786298
"2019_1246_1438",0.472458924602291
"2019_1222_1438",0.397677034871486
"2019_1242_1438",0.353593702952217
"2019_1120_1438",0.332727046622357
"2019_1235_1438",0.281457178033223
"2019_1429_1438",0.191652090962571
"2019_1371_1438",0.16716519633043
"2019_1326_1438",0.18134779743552
"2019_1308_1438",0.161844312678745
"2019_1318_1438",0.15682442850733
"2019_1209_1438",0.152179375667817
"2019_1101_1438",0.14272351136977
"2019_1233_1438",0.146859868940645
"2019_1397_1438",0.509695818763065
"2019_1345_1438",0.358949411199344
"2019_1243_1438",0.310990488761258
"2019_1437_1438",0.293323576183931
"2019_1153_1438",0.27065355912106
"2019_1279_1438",0.212261812104002
"2019_1328_1438",0.23855224289192
"2019_1234_1438",0.245217368271032
"2019_1388_1438",0.19195185081439
"2019_1332_1438",0.178288341598704
"2019_1414_1438",0.150800966570257
"2019_1330_1438",0.145747829202304
"2019_1159_1438",0.147641102474953
"2019_1205_1438",0.140104639281808
"2019_1181_1397",0.61541775791704
"2019_1277_1397",0.559061847355641
"2019_1261_1397",0.454622511217394
"2019_1280_1397",0.313433238835733
"2019_1268_1397",0.317955869112105
"2019_1257_1397",0.314915897188104
"2019_1278_1397",0.216485579467459
"2019_1125_1397",0.186228698717426
"2019_1396_1397",0.179286904651967
"2019_1251_1397",0.152763687651178
"2019_1387_1397",0.146531758265709
"2019_1133_1397",0.13775296312443
"2019_1295_1397",0.140155999046234
"2019_1300_1397",0.137818959793071
"2019_1211_1397",0.610938926681665
"2019_1276_1397",0.551512619783938
"2019_1199_1397",0.386956609337169
"2019_1266_1397",0.297233875999474
"2019_1138_1397",0.347693532878926
"2019_1305_1397",0.359639160802798
"2019_1393_1397",0.246009963861515
"2019_1124_1397",0.21612326716661
"2019_1196_1397",0.258164854579394
"2019_1113_1397",0.168578079571071
"2019_1385_1397",0.161879261173469
"2019_1293_1397",0.204402024081497
"2019_1297_1397",0.144949791839554
"2019_1285_1397",0.141674317108656
"2019_1192_1397",0.141777242553347
"2019_1341_1397",0.144328813474467
"2019_1314_1397",0.594956516573493
"2019_1246_1397",0.555180371937636
"2019_1222_1397",0.488866662213073
"2019_1242_1397",0.386118775130413
"2019_1120_1397",0.385077475357238
"2019_1235_1397",0.299782189069279
"2019_1371_1397",0.185266488615651
"2019_1326_1397",0.193583543596619
"2019_1308_1397",0.168086569241179
"2019_1318_1397",0.148228160205782
"2019_1209_1397",0.149693674512675
"2019_1101_1397",0.141488311226481
"2019_1233_1397",0.143431991733194
"2019_1345_1397",0.474444087363823
"2019_1243_1397",0.347620949920252
"2019_1153_1397",0.289687492170422
"2019_1279_1397",0.231861871397178
"2019_1328_1397",0.272197386027178
"2019_1234_1397",0.260264653210852
"2019_1388_1397",0.19460400209455
"2019_1332_1397",0.188907135566138
"2019_1330_1397",0.145161213984203
"2019_1159_1397",0.141043000921946
"2019_1205_1397",0.137642365392773
"2019_1181_1345",0.642501474162119
"2019_1277_1345",0.615240885503497
"2019_1261_1345",0.514958727892748
"2019_1280_1345",0.379649335380869
"2019_1268_1345",0.42492374183863
"2019_1257_1345",0.337924184617969
"2019_1278_1345",0.238092620440414
"2019_1125_1345",0.193047758045924
"2019_1251_1345",0.158881077935727
"2019_1133_1345",0.138757724813927
"2019_1295_1345",0.139918364963806
"2019_1300_1345",0.138167244466421
"2019_1211_1345",0.634323046699661
"2019_1276_1345",0.566853391535964
"2019_1199_1345",0.510658808404673
"2019_1266_1345",0.346275989247785
"2019_1138_1345",0.41549805166512
"2019_1305_1345",0.410953053294921
"2019_1124_1345",0.240717847928653
"2019_1196_1345",0.27299241552456
"2019_1113_1345",0.184840300524361
"2019_1293_1345",0.228310725043533
"2019_1297_1345",0.149057267968578
"2019_1285_1345",0.14768899420959
"2019_1192_1345",0.145165722369282
"2019_1341_1345",0.143258914049908
"2019_1314_1345",0.63495643437242
"2019_1246_1345",0.57285031120797
"2019_1222_1345",0.533507148013506
"2019_1242_1345",0.532965592298315
"2019_1120_1345",0.489053599122715
"2019_1235_1345",0.326470293172343
"2019_1326_1345",0.218304627947239
"2019_1308_1345",0.183815817434853
"2019_1318_1345",0.151377299091072
"2019_1209_1345",0.150472538289282
"2019_1101_1345",0.144611708129762
"2019_1233_1345",0.14257071258075
"2019_1243_1345",0.449862255837383
"2019_1153_1345",0.344757408549447
"2019_1279_1345",0.26783903163719
"2019_1328_1345",0.293488436219095
"2019_1234_1345",0.279060616638013
"2019_1332_1345",0.194281741667954
"2019_1330_1345",0.146820808310813
"2019_1159_1345",0.143731241013419
"2019_1205_1345",0.142031947209785
"2019_1181_1243",0.660866292894622
"2019_1125_1243",0.259573337013142
"2019_1133_1243",0.14136560968027
"2019_1211_1243",0.64746417497629
"2019_1199_1243",0.630725296469613
"2019_1138_1243",0.549434286615111
"2019_1124_1243",0.299557780978523
"2019_1196_1243",0.319993059151506
"2019_1113_1243",0.228225064234861
"2019_1192_1243",0.142420931031419
"2019_1222_1243",0.644001086396615
"2019_1242_1243",0.619852649457203
"2019_1120_1243",0.593274958273427
"2019_1235_1243",0.425912511249083
"2019_1209_1243",0.14991167023378
"2019_1101_1243",0.141134216653426
"2019_1233_1243",0.143320911058144
"2019_1153_1243",0.38911182724014
"2019_1234_1243",0.326127662158888
"2019_1159_1243",0.147125555055776
"2019_1205_1243",0.142340955970701
"2019_1181_1458",0.660005303163498
"2019_1277_1458",0.645020484669146
"2019_1261_1458",0.563897346420206
"2019_1439_1458",0.571750929198048
"2019_1280_1458",0.468197381655533
"2019_1268_1458",0.50117526028859
"2019_1257_1458",0.422222032067852
"2019_1433_1458",0.33421946786869
"2019_1416_1458",0.341512508566574
"2019_1278_1458",0.248323871026025
"2019_1125_1458",0.237733077403362
"2019_1396_1458",0.228239851997853
"2019_1251_1458",0.170242641932996
"2019_1387_1458",0.155452366083503
"2019_1133_1458",0.140429722209953
"2019_1295_1458",0.142030554885359
"2019_1300_1458",0.139165857881018
"2019_1211_1458",0.649540089655387
"2019_1276_1458",0.599280817466509
"2019_1403_1458",0.607705401076135
"2019_1199_1458",0.556999424169135
"2019_1266_1458",0.432022347966538
"2019_1138_1458",0.450881127224381
"2019_1305_1458",0.462085720301355
"2019_1393_1458",0.281656436505121
"2019_1124_1458",0.275168188307292
"2019_1196_1458",0.28611951833805
"2019_1113_1458",0.208426316359035
"2019_1385_1458",0.185146917968927
"2019_1293_1458",0.261273255850467
"2019_1436_1458",0.152187276785408
"2019_1297_1458",0.155781294370024
"2019_1285_1458",0.153249484976261
"2019_1192_1458",0.147454463275308
"2019_1341_1458",0.143946607229169
"2019_1314_1458",0.65361450516004
"2019_1246_1458",0.608669627965954
"2019_1222_1458",0.59877045217832
"2019_1242_1458",0.575207820954433
"2019_1120_1458",0.563347574676098
"2019_1235_1458",0.357125486481921
"2019_1429_1458",0.257421712864174
"2019_1449_1458",0.315982649744383
"2019_1371_1458",0.211058842990545
"2019_1326_1458",0.244317829356629
"2019_1308_1458",0.203263631764629
"2019_1318_1458",0.160794247419359
"2019_1209_1458",0.152797914818045
"2019_1101_1458",0.146929972261721
"2019_1233_1458",0.1467988948236
"2019_1438_1458",0.6163616817553
"2019_1397_1458",0.643557117455588
"2019_1345_1458",0.600488766310168
"2019_1243_1458",0.501219457650669
"2019_1437_1458",0.414590483609369
"2019_1153_1458",0.37791818279521
"2019_1279_1458",0.290405256991877
"2019_1328_1458",0.313331097301853
"2019_1234_1458",0.304362505965834
"2019_1388_1458",0.250374966799908
"2019_1332_1458",0.204083606588154
"2019_1414_1458",0.169234006196024
"2019_1330_1458",0.151308245187528
"2019_1159_1458",0.151546180152154
"2019_1205_1458",0.146884357999761
"2019_1181_1437",0.663637306007127
"2019_1277_1437",0.650719435926821
"2019_1261_1437",0.629483834454515
"2019_1280_1437",0.58006328352836
"2019_1268_1437",0.578509681871405
"2019_1257_1437",0.549122288940526
"2019_1433_1437",0.416653269088493
"2019_1416_1437",0.40074130894329
"2019_1278_1437",0.315442167410771
"2019_1125_1437",0.301116983716463
"2019_1396_1437",0.28043470600918
"2019_1251_1437",0.180358228883347
"2019_1387_1437",0.150568869563891
"2019_1133_1437",0.140451310018079
"2019_1295_1437",0.139447285391052
"2019_1300_1437",0.13944484265175
"2019_1211_1437",0.657097428196165
"2019_1276_1437",0.616922146152643
"2019_1403_1437",0.612368950253008
"2019_1199_1437",0.611861376460679
"2019_1266_1437",0.519087285095983
"2019_1138_1437",0.586722839274481
"2019_1305_1437",0.618898596731798
"2019_1393_1437",0.325409617747471
"2019_1124_1437",0.313805429747433
"2019_1196_1437",0.353357710061598
"2019_1113_1437",0.261221481606967
"2019_1385_1437",0.221548607238842
"2019_1293_1437",0.322503603313484
"2019_1436_1437",0.171093345749075
"2019_1297_1437",0.151469748623763
"2019_1285_1437",0.151689190742699
"2019_1192_1437",0.145459828303173
"2019_1341_1437",0.143964417870071
"2019_1314_1437",0.661421108551859
"2019_1246_1437",0.619771751865571
"2019_1222_1437",0.641122398464091
"2019_1242_1437",0.631462335603294
"2019_1120_1437",0.636347068658953
"2019_1235_1437",0.547339488130857
"2019_1429_1437",0.333381857443596
"2019_1371_1437",0.271057662127526
"2019_1326_1437",0.289307443923926
"2019_1308_1437",0.248699891199018
"2019_1318_1437",0.159758116209939
"2019_1209_1437",0.151232016517666
"2019_1101_1437",0.146934759370917
"2019_1233_1437",0.145212594707488
"2019_1397_1437",0.645585617034045
"2019_1345_1437",0.617569036552815
"2019_1243_1437",0.588028456950126
"2019_1153_1437",0.490590338567484
"2019_1279_1437",0.332286044035217
"2019_1328_1437",0.414269209966624
"2019_1234_1437",0.443676094299021
"2019_1388_1437",0.290294145666425
"2019_1332_1437",0.251449645164514
"2019_1414_1437",0.183411468480823
"2019_1330_1437",0.149059466138859
"2019_1159_1437",0.151608713017163
"2019_1205_1437",0.141664172381302
"2019_1125_1153",0.318149449270385
"2019_1133_1153",0.142626336891504
"2019_1138_1153",0.642816870399231
"2019_1124_1153",0.380751501391687
"2019_1113_1153",0.282340758524066
"2019_1120_1153",0.63230225826787
"2019_1101_1153",0.14782636537707
"2019_1181_1279",0.755984819052243
"2019_1277_1279",0.72380094969574
"2019_1261_1279",0.662527410203487
"2019_1268_1279",0.61753698969223
"2019_1257_1279",0.618673721271292
"2019_1278_1279",0.490221267916342
"2019_1125_1279",0.400311030037831
"2019_1251_1279",0.23281851865973
"2019_1133_1279",0.142397592410316
"2019_1211_1279",0.753380973514796
"2019_1276_1279",0.673539101582171
"2019_1199_1279",0.634480572540789
"2019_1266_1279",0.617324300308497
"2019_1138_1279",0.659355661041615
"2019_1124_1279",0.547981872734332
"2019_1196_1279",0.554059741297239
"2019_1113_1279",0.366674414563153
"2019_1192_1279",0.139738948585641
"2019_1246_1279",0.672350563854434
"2019_1222_1279",0.668329294585791
"2019_1242_1279",0.660418014971234
"2019_1120_1279",0.661424956269734
"2019_1235_1279",0.649577535722619
"2019_1209_1279",0.160113547008408
"2019_1101_1279",0.143780272577614
"2019_1233_1279",0.139400387503005
"2019_1243_1279",0.615509798271665
"2019_1153_1279",0.617021446316925
"2019_1234_1279",0.580490864031587
"2019_1159_1279",0.148740559012943
"2019_1205_1279",0.141042620596326
"2019_1181_1328",0.691682318287695
"2019_1277_1328",0.669859650958775
"2019_1261_1328",0.650182378515419
"2019_1280_1328",0.645795906026418
"2019_1268_1328",0.6140323830325
"2019_1257_1328",0.604881832375874
"2019_1278_1328",0.4184487667771
"2019_1125_1328",0.368420176689349
"2019_1251_1328",0.196476621124062
"2019_1133_1328",0.143673427780195
"2019_1295_1328",0.141625117827504
"2019_1300_1328",0.139587165387071
"2019_1211_1328",0.695059091368319
"2019_1276_1328",0.632538314119604
"2019_1199_1328",0.639818586781576
"2019_1266_1328",0.594890143763322
"2019_1138_1328",0.654209001131482
"2019_1305_1328",0.649526163528699
"2019_1124_1328",0.406912811979353
"2019_1196_1328",0.449524030072489
"2019_1113_1328",0.303007244155919
"2019_1293_1328",0.390058005815395
"2019_1297_1328",0.164572971066487
"2019_1285_1328",0.153795614876887
"2019_1192_1328",0.147015506121054
"2019_1314_1328",0.680457276461962
"2019_1246_1328",0.641410472091712
"2019_1222_1328",0.664466671844534
"2019_1242_1328",0.652254813918685
"2019_1120_1328",0.651407461692318
"2019_1235_1328",0.638040060194955
"2019_1326_1328",0.317986790219846
"2019_1308_1328",0.338004588620664
"2019_1318_1328",0.180302459997861
"2019_1209_1328",0.162497143831291
"2019_1101_1328",0.149196273998959
"2019_1233_1328",0.148112550748177
"2019_1243_1328",0.617508600941886
"2019_1153_1328",0.592958375952238
"2019_1279_1328",0.396352517781477
"2019_1234_1328",0.5232137729955
"2019_1159_1328",0.151916410684789
"2019_1205_1328",0.143925554460339
"2019_1181_1234",0.754831043362956
"2019_1125_1234",0.365569456923712
"2019_1133_1234",0.140154935604464
"2019_1211_1234",0.755330664462112
"2019_1199_1234",0.6271720481187
"2019_1138_1234",0.654990173904563
"2019_1124_1234",0.448857919725811
"2019_1196_1234",0.460982131245019
"2019_1113_1234",0.326884246620321
"2019_1192_1234",0.144709434468896
"2019_1222_1234",0.649021526658097
"2019_1120_1234",0.645449254436692
"2019_1209_1234",0.157869605844857
"2019_1101_1234",0.148370540050737
"2019_1233_1234",0.140738024821617
"2019_1153_1234",0.593207489917504
"2019_1159_1234",0.149408274669641
"2019_1205_1234",0.13989973830834
"2019_1181_1388",0.799516380367814
"2019_1277_1388",0.759962613661159
"2019_1261_1388",0.715816887723897
"2019_1280_1388",0.656124262438289
"2019_1268_1388",0.667949355346816
"2019_1257_1388",0.645221778578975
"2019_1278_1388",0.523760746114478
"2019_1125_1388",0.515782808970303
"2019_1251_1388",0.30821759835101
"2019_1387_1388",0.160816990957439
"2019_1133_1388",0.144908177788582
"2019_1295_1388",0.141067339000256
"2019_1300_1388",0.140002283571965
"2019_1211_1388",0.790434312774178
"2019_1276_1388",0.723493198006518
"2019_1199_1388",0.709841963002228
"2019_1266_1388",0.640747114026538
"2019_1138_1388",0.69509507484351
"2019_1305_1388",0.685119137194334
"2019_1124_1388",0.594804865483473
"2019_1196_1388",0.604460309203171
"2019_1113_1388",0.468053288094136
"2019_1385_1388",0.447677273507856
"2019_1293_1388",0.521587103955392
"2019_1297_1388",0.184659129943356
"2019_1285_1388",0.159436669378384
"2019_1192_1388",0.145707352819806
"2019_1341_1388",0.145396056684145
"2019_1314_1388",0.7871642238564
"2019_1246_1388",0.735258395535785
"2019_1222_1388",0.726115259888962
"2019_1242_1388",0.731715141058431
"2019_1120_1388",0.706321302711602
"2019_1235_1388",0.665282292612243
"2019_1371_1388",0.479028587003283
"2019_1326_1388",0.516235926688151
"2019_1308_1388",0.47916815099281
"2019_1318_1388",0.233300766067595
"2019_1209_1388",0.216321923120278
"2019_1101_1388",0.148952771791654
"2019_1233_1388",0.144187907054116
"2019_1345_1388",0.705469756755642
"2019_1243_1388",0.666467379231927
"2019_1153_1388",0.639175782751875
"2019_1279_1388",0.564818748030671
"2019_1328_1388",0.605602666398425
"2019_1234_1388",0.585065614058287
"2019_1332_1388",0.460085662087317
"2019_1330_1388",0.189043339397284
"2019_1159_1388",0.151659857930685
"2019_1205_1388",0.147171460350005
"2019_1181_1332",0.828595823290812
"2019_1277_1332",0.794602552295986
"2019_1261_1332",0.752277455683397
"2019_1280_1332",0.727911079170434
"2019_1268_1332",0.714968151825075
"2019_1257_1332",0.695632062903047
"2019_1278_1332",0.577830350069023
"2019_1125_1332",0.575919584493231
"2019_1251_1332",0.363399076010495
"2019_1133_1332",0.143111208314616
"2019_1295_1332",0.141229796192875
"2019_1300_1332",0.138396266456237
"2019_1211_1332",0.820630391290485
"2019_1276_1332",0.767180631822196
"2019_1199_1332",0.751843758685281
"2019_1266_1332",0.665565747370558
"2019_1138_1332",0.773054128621997
"2019_1305_1332",0.736909320239984
"2019_1124_1332",0.61208208655759
"2019_1196_1332",0.614956135346004
"2019_1113_1332",0.504174950659959
"2019_1293_1332",0.573063169213284
"2019_1297_1332",0.206656901950287
"2019_1285_1332",0.168892354357518
"2019_1192_1332",0.141117471818363
"2019_1314_1332",0.812140217191569
"2019_1246_1332",0.767301440133858
"2019_1222_1332",0.760428007576671
"2019_1242_1332",0.756567624870397
"2019_1120_1332",0.73734271833058
"2019_1235_1332",0.728246916424343
"2019_1326_1332",0.560313548813726
"2019_1308_1332",0.506318027363344
"2019_1318_1332",0.301427786619117
"2019_1209_1332",0.27806838700977
"2019_1101_1332",0.154065751050262
"2019_1233_1332",0.140784651806834
"2019_1243_1332",0.72502853116723
"2019_1153_1332",0.655117619925549
"2019_1279_1332",0.609121113556189
"2019_1328_1332",0.641759914239112
"2019_1234_1332",0.613428232834602
"2019_1330_1332",0.261680865742116
"2019_1159_1332",0.159028224372207
"2019_1205_1332",0.145853415459234
"2019_1181_1414",0.851242326441446
"2019_1277_1414",0.799979079114137
"2019_1261_1414",0.793379769980407
"2019_1280_1414",0.761693388127215
"2019_1268_1414",0.762340473832156
"2019_1257_1414",0.747209887505811
"2019_1278_1414",0.696956175849703
"2019_1125_1414",0.661673883696461
"2019_1396_1414",0.655686296432765
"2019_1251_1414",0.467858025718604
"2019_1387_1414",0.217933928368426
"2019_1133_1414",0.14244220054241
"2019_1295_1414",0.143996252910388
"2019_1300_1414",0.138477565103195
"2019_1211_1414",0.838323185998582
"2019_1276_1414",0.793697481060149
"2019_1403_1414",0.790095885504047
"2019_1199_1414",0.790201304965164
"2019_1266_1414",0.745852963756523
"2019_1138_1414",0.7929615617586
"2019_1305_1414",0.757484827444228
"2019_1393_1414",0.695496082404218
"2019_1124_1414",0.704189310464983
"2019_1196_1414",0.691247106402072
"2019_1113_1414",0.65041969271659
"2019_1385_1414",0.591529543814881
"2019_1293_1414",0.671801202119004
"2019_1297_1414",0.298590478437109
"2019_1285_1414",0.205968750811521
"2019_1192_1414",0.145725614257131
"2019_1341_1414",0.14360408761697
"2019_1314_1414",0.840478322777913
"2019_1246_1414",0.793713940777355
"2019_1222_1414",0.800621646739733
"2019_1242_1414",0.798267560000322
"2019_1120_1414",0.772022752960239
"2019_1235_1414",0.75200402741099
"2019_1371_1414",0.659295313860149
"2019_1326_1414",0.656415258652795
"2019_1308_1414",0.620723453869119
"2019_1318_1414",0.383355544952012
"2019_1209_1414",0.252896236071818
"2019_1101_1414",0.151504676617632
"2019_1233_1414",0.144828408550361
"2019_1397_1414",0.8234807350613
"2019_1345_1414",0.788847514655167
"2019_1243_1414",0.761806511377311
"2019_1153_1414",0.74154696819427
"2019_1279_1414",0.706870027142854
"2019_1328_1414",0.715727345826305
"2019_1234_1414",0.711812413994663
"2019_1388_1414",0.646587551559728
"2019_1332_1414",0.60846396036827
"2019_1330_1414",0.227409627683597
"2019_1159_1414",0.170465097912998
"2019_1205_1414",0.146994106264123
"2019_1181_1330",0.880116923241067
"2019_1277_1330",0.871874825241463
"2019_1261_1330",0.869914659994586
"2019_1280_1330",0.848030279813889
"2019_1268_1330",0.821370573853322
"2019_1257_1330",0.811118271980464
"2019_1278_1330",0.792134046189416
"2019_1125_1330",0.79063823379153
"2019_1251_1330",0.677033957330067
"2019_1133_1330",0.181545838065053
"2019_1295_1330",0.147747889835586
"2019_1300_1330",0.141892098706623
"2019_1211_1330",0.864642052673128
"2019_1276_1330",0.868311682628107
"2019_1199_1330",0.861099878196837
"2019_1266_1330",0.839057913816132
"2019_1138_1330",0.867472440055582
"2019_1305_1330",0.851301226334034
"2019_1124_1330",0.784803817899518
"2019_1196_1330",0.789334135833025
"2019_1113_1330",0.731590877007739
"2019_1293_1330",0.78568840936257
"2019_1297_1330",0.484216730308961
"2019_1285_1330",0.33052205554203
"2019_1192_1330",0.180942987441639
"2019_1314_1330",0.881240149128897
"2019_1246_1330",0.86513290042192
"2019_1222_1330",0.873488192353846
"2019_1242_1330",0.869037869568579
"2019_1120_1330",0.851888241428438
"2019_1235_1330",0.841854435744365
"2019_1326_1330",0.7741280855595
"2019_1308_1330",0.780603833512656
"2019_1318_1330",0.625438211214273
"2019_1209_1330",0.489152726282294
"2019_1101_1330",0.22704043693026
"2019_1233_1330",0.152276135322611
"2019_1243_1330",0.821710183901362
"2019_1153_1330",0.822964683803021
"2019_1279_1330",0.778217533826096
"2019_1328_1330",0.806346258680575
"2019_1234_1330",0.819179031059271
"2019_1159_1330",0.317796610561954
"2019_1205_1330",0.164410787597426
"2019_1125_1159",0.848376129817676
"2019_1133_1159",0.31112249249679
"2019_1138_1159",0.877693978437318
"2019_1124_1159",0.834616158740301
"2019_1113_1159",0.819353796581507
"2019_1120_1159",0.850837846057573
"2019_1101_1159",0.409030396314574
"2019_1153_1159",0.837622088999235
"2019_1181_1205",0.883890667162056
"2019_1125_1205",0.880301932313277
"2019_1133_1205",0.55781227516689
"2019_1199_1205",0.878390353644521
"2019_1138_1205",0.883890667162056
"2019_1124_1205",0.850730170880874
"2019_1196_1205",0.852397574950033
"2019_1113_1205",0.853059240780418
"2019_1192_1205",0.269681925450122
"2019_1120_1205",0.880687821443433
"2019_1101_1205",0.61334580151228
"2019_1153_1205",0.854137300495817
"2019_1159_1205",0.755301358809872
